puka1,puka2,full_name,preferred_name,new_nic,old_nic,cif,t_pin,marital_status,spouse_name,passport,driving_license,business_name,business_reg_number,business_registered_date,mobile_number,staff_pf,alternative_number,email,address1,address2,address3,town,district,postal_code,province,alternate_address1,alternate_address2,alternate_address3,alternate_town,alternate_district,alternate_postal_code,preferred_language,customer_since,citizenship,profession,employer,dob,branch,relationship_manager,customer_status,customer_type,vip_flag,group_code
MASTER,M,AAAAKOON TMSM,ABAKOON TMSM,808182830,1244W1244W12,40000,1121,S,Mrs. ABAKOON TMSM,AB12111211,ABA1121121,ABAKOON TMSM-124,11211244W12181,1/1/2010,779094680,21121121,726257000,AAA121@SCICOM.COM.MY,AAAS M THENNAKOON,AB12/1A,AAAWANAHENA,WENDALA,RUWANWELLA,1121121112,Central,121S M THENNAKOON,AAA/1A,AAAWANAHENA,WENDALA,RUWANWELLA,1121121111,Sinhala,210116,94,MANAGER,GATEWAY SRP,2015309,634,ABAAR TA TWP,A,P,N,A12
MR,M,BBBEYAKUMAR T,BCEYAKUMAR T,908182831,1244V1244V12,50001,2232,S,Mrs. BCEYAKUMAR T,BC23222322,BCB2232232,BCEYAKUMAR T-124,22321244V23281,1/18/2010,779094681,32232232,726257001,BBB232@SCICOM.COM.MY,BBBS M YAKUMAR,BC2355/2 T 18,BBBAND PLACE,COLOMBO 7,RUWANWELLA,2232232223,Eastern,232YAKUMAR,BBB55/2 T 18,BBBAND PLACE,WENDALA,RUWANWELLA,2232232222,Sinhala,221007,0,PHOTOGRAPHER,GATEWAY SRP,1991058,453,BCE TWP WGVK,A,P,N,B23
MR,M,CCCDAPALA TWP,CDDAPALA TWP,1008182832,0500V0500V05,50002,3343,S,Mrs. CDDAPALA TWP,CD34333433,CDC3343343,CDDAPALA TWP-050,33430500V34390,2/4/2010,779094682,43343343,726257002,CCC343@SCICOM.COM.MY,CCCS M MAHINDAPALA,CD346/C BALANGODA ROAD,CCCAYAKA,COLOMBO 7,RUWANWELLA,3343343334,Northern,343MAHINDAPALA,CCC6/C BALANGODA ROAD,CCCAYAKA,COLOMBO 7,RUWANWELLA,3343343333,Sinhala,280110,94,BUSINESS (READY MADE GARMENT),SELF,1988169,683,CDDWGVKA G C,A,P,N,C34
MR,M,DDDAYAKA WGVK,DEAYAKA WGVK,1108182833,1416V1416V14,50003,4454,M,Mrs. DEAYAKA WGVK,DE45444544,DED4454454,DEAYAKA WGVK-141,44541416V45481,2/21/2010,779094683,54454454,726257003,DDD454@SCICOM.COM.MY,DDDM M RATHNAYAKA,DE452,DDDLAWA,GALENBINDUNUWEWA,RUWANWELLA,4454454445,Southern,454KUMARA RATHNAYAKA,DDD2,DDDLAWA,COLOMBO 7,RUWANWELLA,4454454444,Sinhala,100912,94,BUSINESS,SELF,1985347,122,DEA G C HGIK,A,P,Y,D45
MISS,F,EEENTHI A G C,EFNTHI A G C,1208182834,2935V2935V29,50004,5565,S,Mr. EFNTHI A G C,EF56555655,EFE5565565,EFNTHI A G C-293,55652935V56572,3/10/2010,779094684,65565565,726257004,EEE565@SCICOM.COM.MY,EEES F MALKANTHI,EF56ANDA,EEELABEDDA,HAPUTHALE,RUWANWELLA,5565565556,Western,565C MALKANTHI,EEEANDA,EEELABEDDA,GALENBINDUNUWEWA,RUWANWELLA,5565565555,Sinhala,170114,94,BUSINESS (CYCLE SPARE PARTS),TANI GEM'S & JEWEL'S ACADEMY,1992107,515,EFNHGIKHAS I,A,P,N,E56
MS,F,FFFINGHE HGIK,FGINGHE HGIK,1308182835,1564V1564V15,50005,6676,,Mr. FGINGHE HGIK,FG67666766,FGF6676676,FGINGHE HGIK-156,66761564V67681,3/27/2010,779094685,76676676,726257005,FFF676@SCICOM.COM.MY,FFF  SAMARASINGHE,FG67GODA JUNCTION,FFFARAWA,GALPORUGOLLA,RUWANWELLA,6676676667,Central,676I K SAMARASINGHE,FFFGODA JUNCTION,FFFARAWA,HAPUTHALE,RUWANWELLA,6676676666,Sinhala,290807,0,ATTONEY-AT-LAW,SELF,1982177,92,FGIAS IKANNA,A,P,Y,F67
MS,M,GGGSIVATHAS I,GHSIVATHAS I,1408182836,3568V3568V35,50006,7787,M,Mrs. GHSIVATHAS I,GH78777877,GHG7787787,GHSIVATHAS I-356,77873568V78713,4/13/2010,779094686,87787787,726257006,GGG787@SCICOM.COM.MY,GGGM M SIVATHAS,GH78HAVASAM,GGG OFFICE ROAD,CHAVAKACHCHERI,RUWANWELLA,7787787778,Eastern,787URAI SIVATHAS,GGGHAVASAM,GGG OFFICE ROAD,GALPORUGOLLA,RUWANWELLA,7787787777,Sinhala,270111,94,CONSULTANT,M.C,1950160,23,GHSANNAHE MC,A,P,N,G78
MS,F,HHHWELIKANNA,HI WELIKANNA,1508182837,0850V0850V08,50007,8898,S,Mr. HI WELIKANNA,HI89888988,HIH8898898,HI WELIKANNA-085,88980850V89820,4/30/2010,779094687,98898898,726257007,HHH898@SCICOM.COM.MY,HHHS F WELIKANNA,HI89,HHHRIYA ROAD,ARUKWATHTHA,PADUKKA,8898898889,Northern,898A D WELIKANNA,898A D WELIKANNA,HHHRIYA ROAD,CHAVAKACHCHERI,PADUKKA,8898898888,Sinhala,201212,94,FRUIT SELLING,AKIO-KOBAYASHI INT.AUTO ASSEMBLE(PVT)LTD,1977052,678,HI E MC NLAP,A,P,Y,H89
MS,F,IIIASINGHE MC,IJASINGHE MC,1608182838,1400014000,50008,9909,M,Mr. IJASINGHE MC,IJ90999099,IJI9909909,IJASINGHE MC-001,9.91E+13,5/17/2010,779094688,9909909,726257008,III909@SCICOM.COM.MY,IIIM F UBASINGHE,IJ904,IIIRA ROAD,AKURESSA,PADUKKA,9909909990,Southern,909UBASINGHE,III4,IIIRA ROAD,ARUKWATHTHA,PADUKKA,9909909989,Sinhala,190918,94,FRUIT SELLING,SELF,1970271,613,IJANLAPAN AS,A,P,N,I90
     MR,M,JJJSANJU NLAP,JKSANJU NLAP,1708182839,2943V2943V29,50009,1121,S,Mrs. JKSANJU NLAP,JK12111211,JKJ1121121,JKSANJU NLAP-294,11212943V12192,6/3/2010,779094689,21121121,726257009,JJJ121@SCICOM.COM.MY,JJJS M SANJU,JK12,JJJELA,NELUWA.,PADUKKA,1121121112,Western,121P SANJU,121P SANJU,JJJELA,AKURESSA,PADUKKA,1121121111,Sinhala,40806,94,BUSINESS,SELF,1997328,667,JKSN ASMYGSH,A,P,N,J12
MR,M,KKKRUKSHAN AS,KLRUKSHAN AS,1808182840,2943V2943V29,50010,2232,N,Mrs. KLRUKSHAN AS,KL23222322,KLK2232232,KLRUKSHAN AS-294,22322943V23292,6/20/2010,779094690,32232232,726257010,KKK232@SCICOM.COM.MY,KKKN M NIRUKSHAN,KL238/51 SAMAGI MAWATHA,KKKARA,POLGASOWITA,PADUKKA,2232232223,Central,232S NIRUKSHAN,KKK8/51 SAMAGI MAWATHA,KKKARA,NELUWA.,PADUKKA,2232232222,Sinhala,190310,0,BUSINESS,SELF,2004012,37,ABAAR TA TWP,A,P,N,K23
MR,M,LLLETH HMYGSH,LMETH HMYGSH,1908182841,2943W2943W29,50011,3343,S,Mrs. LMETH HMYGSH,LM34333433,LML3343343,LMETH HMYGSH-294,33432943W34392,7/7/2010,779094691,43343343,726257011,LLL343@SCICOM.COM.MY,LLLS M JAYANETH,LM34ARA GEDARA,LLLAWELA,MAHAWELA,PADUKKA,3343343334,Eastern,343G S H JAYANETH,LLLARA GEDARA,LLLAWELA,POLGASOWITA,PADUKKA,3343343333,Sinhala,170216,0,JUKY MACHINE OPERATER,SELF,2010179,640,BCE TWP WGVK,A,P,N,L34
MR,M,MMMNAJEEFER K,MNNAJEEFER K,2008182842,3103V3103V31,50012,4454,M,Mrs. MNNAJEEFER K,MN45444544,MNM4454454,MNNAJEEFER K-310,44543103V45463,7/24/2010,779094692,54454454,726257012,MMM454@SCICOM.COM.MY,MMMM M EEFER,MN4535,MMMMBEKANI 01,CHAWALAKADAI,PADUKKA,4454454445,Northern,454EEFER,MMM35,MMMMBEKANI 01,MAHAWELA,PADUKKA,4454454444,Sinhala,180816,94,HEALTH MANAGEMENT ASSISTANT,PARADISE GARMENT,1991185,510,CDDWGVKA G C,A,P,N,M45
MR,M,NNNSEMIN MS,NOSEMIN MS,2108182843,3690V3690V36,50013,5565,M,Mrs. NOSEMIN MS,NO56555655,NON5565565,NOSEMIN MS-369,55653690V56593,8/10/2010,779094693,65565565,726257013,NNN565@SCICOM.COM.MY,NNNM M EMIN,NO56ROAD,NNNMAVADY-02,ODDAMAVADY,PADUKKA,5565565556,Southern,565EMIN,NNNROAD,NNNMAVADY-02,CHAWALAKADAI,PADUKKA,5565565555,Sinhala,150420,94,DEPAHAN TYRE HOUSE,DIRECTOR- HEALTH SERVICES,1970358,626,DEA G C HGIK,A,P,Y,N56
MR,M,AAARIYA KKDLS,ABRIYA KKDLS,2208182844,4578V4578V45,50014,6676,M,Mrs. ABRIYA KKDLS,AB67666766,ABA6676676,ABRIYA KKDLS-457,66764578V67634,8/27/2010,779094694,76676676,726257014,AAA676@SCICOM.COM.MY,AAAM M WEERASOORIYA,AB6743923,AAA4,GIRITALE,PADUKKA,6676676667,Western,676L S WEERASOORIYA,AAA43923,AAA4,ODDAMAVADY,PADUKKA,6676676666,Sinhala,191118,94,DIRECTOR.,SELF,1977102,601,EFNHGIKHAS I,A,P,N,A67
MR,M,BBBERATH KHJT,BCERATH KHJT,2308182845,3379V3379V33,50015,7787,S,Mrs. BCERATH KHJT,BC78777877,BCB7787787,BCERATH KHJT-337,77873379V78773,9/13/2010,779094695,87787787,726257015,BBB787@SCICOM.COM.MY,BBBS M HERATH,BC78 RAJA MAWATHA,BBBELIGAMA,SEWANAGALA,PADUKKA,7787787778,Central,787T HERATH,BBB RAJA MAWATHA,BBBELIGAMA,GIRITALE,PADUKKA,7787787777,Sinhala,170120,94,TEACHER,LEARN IT COMPUTER COMPANY (PVT)LTD,1999126,823,FGIAS IKANNA,A,P,Y,B78
MR,M,CCCMANJU WGN,CDMANJU WGN,2408182846,3890V3890V38,50016,8898,M,Mrs. CDMANJU WGN,CD89888988,CDC8898898,CDMANJU WGN-389,88983890V89853,9/30/2010,779094696,98898898,726257016,CCC898@SCICOM.COM.MY,CCCM M KUMARA,CD89,CCCMALKANDURA,SIRIPURA,PADUKKA,8898898889,Eastern,898M KUMARA,898M KUMARA,CCCMALKANDURA,SEWANAGALA,PADUKKA,8898898888,Sinhala,150703,94,TEACHER,OVERSEAS INTERNATIONAL SCHOOL,1980105,2,GHSANNAHE MC,A,P,N,C89
     MS,F,DDDSIFAYA MFF,DESIFAYA MFF,2508182847,3468V3468V34,50017,9909,M,Mr. DESIFAYA MFF,DE90999099,DED9909909,DESIFAYA MFF-346,99093468V90923,10/17/2010,779094697,9909909,726257017,DDD909@SCICOM.COM.MY,DDDM F SIFAYA,DE908 VIVEKANANADA HILL,DDDMBO 13,SIRIPURA,PADUKKA,9909909990,Northern,909SIFAYA,DDD8 VIVEKANANADA HILL,DDDMBO 13,SIRIPURA,PADUKKA,9909909989,Sinhala,10150,0,CASHIER,OVERSEAS INTERNATIONAL SCHOOL,1975022,573,HI E MC NLAP,A,P,Y,D90
MS,F,EEEOHAMMED HN,EFOHAMMED HN,2608182848,2.35E+11,50018,1121,,Mr. EFOHAMMED HN,EF12111211,EFE1121121,EFOHAMMED HN-234,1.12E+13,11/3/2010,779094698,21121121,726257018,EEE121@SCICOM.COM.MY,EEE  OHAMMED,EF12EELAWALA RD,EEEENIYA,SIRIPURA,PADUKKA,1121121112,Southern,121OHAMMED,EEEEELAWALA RD,EEEENIYA,SIRIPURA,PADUKKA,1121121111,Sinhala,131006,0,ABLE SEAMAN,GRAND ORIENT HOTEL,1997321,2,IJANLAPAN AS,A,P,N,E12
MS,F,FFFSABEEB MI,FGSABEEB MI,2708182849,3468W3468W34,50019,2232,,Mr. FGSABEEB MI,FG23222322,FGF2232232,FGSABEEB MI-346,22323468W23223,11/20/2010,779094699,32232232,726257019,FFF232@SCICOM.COM.MY,FFF  ABEEB,FG23MANIKKAMPATTIYA,FFFRUWELA,SIRIPURA,PADUKKA,2232232223,Western,232ABEEB,FFFMANIKKAMPATTIYA,FFFRUWELA,MARASSANA,PADUKKA,2232232222,Sinhala,310707,0,CHEFT,SRI LANKA NAVY,2005181,502,JKSN ASMYGSH,A,P,N,F23
MR,M,GGGT NILAVAN,GH T NILAVAN,2808182850, 1999 1999 1,50020,3343,S,Mrs. GH T NILAVAN,GH34333433,GHG3343343,GH T NILAVAN- 19,3343 19993435 ,12/7/2010,779094700,43343343,726257020,GGG343@SCICOM.COM.MY,GGGS M ILAVAN,GH3443984,GGGNCHI,SIVAPURAM,POONAKARY,3343343334,Central,343ILAVAN,GGG43984,GGGNCHI,MARASSANA,POONAKARY,3343343333,Sinhala,41109,0,CHEFT,HOTEL HILTON,1999278,44,ABAAR TA TWP,A,P,N,G34
MASTER,M,HHHEKARA WMCD,HIEKARA WMCD,2908182851,3468U3468U34,50021,4454,S,Mrs. HIEKARA WMCD,HI45444544,HIH4454454,HIEKARA WMCD-346,44543468U45423,12/24/2010,779094701,54454454,726257021,HHH454@SCICOM.COM.MY,HHHS M WEERASEKARA,HI458/B,HHHDAGALAWATTA,HAAPANA,PILIMATHALAWA,4454454445,Eastern,454D WEERASEKARA,HHH8/B,HHHDAGALAWATTA,SIVAPURAM,PILIMATHALAWA,4454454444,Sinhala,180411,94,CHEFT,HOTEL HILTON,2011086,524,BCE TWP WGVK,A,P,N,H45
BABY,F,IIIRUPASINGHA,IJRUPASINGHA,3008182852,3468P3468P34,50022,5565,S,Mr. IJRUPASINGHA,IJ56555655,IJI5565565,IJRUPASINGHA-346,55653468P56523,1/10/2011,779094702,65565565,726257022,III565@SCICOM.COM.MY,IIIS F RUPASINGHE,IJ562,IIIAMANDIYA,SEWANAGALA,PILIMATHALAWA,5565565556,Northern,565VIDARA RUPASINGHE,III2,IIIAMANDIYA,HAAPANA,PILIMATHALAWA,5565565555,Sinhala,50216,94,NOTARY PUBLIC,HOTEL HILTON,2010069,322,CDDWGVKA G C,A,P,N,I56
MR,M,JJJGOWSHIK S,JKGOWSHIK S,3108182853,3468Q3468Q34,50023,6676,S,Mrs. JKGOWSHIK S,JK67666766,JKJ6676676,JKGOWSHIK S-346,66763468Q67623,1/27/2011,779094703,76676676,726257023,JJJ676@SCICOM.COM.MY,JJJS M SHIK,JK67RE T V,JJJON,SIRIPURA,PILIMATHALAWA,6676676667,Southern,676SHIK,JJJRE T V,JJJON,SEWANAGALA,PILIMATHALAWA,6676676666,Tamil,250516,94,SELF EMPLOYED,SELF,2010235,40,DEA G C HGIK,A,P,Y,J67
MS,F,KKKFREENA MEP,KLFREENA MEP,3208182854,4241V4241V42,50024,7787,S,Mr. KLFREENA MEP,KL78777877,KLK7787787,KLFREENA MEP-424,77874241V78714,2/13/2011,779094704,87787787,726257024,KKK787@SCICOM.COM.MY,KKKS F SAFREENA,KL7844076,KKKKKAMPITIYA,KADURUWELA,PILIMATHALAWA,7787787778,Western,787SAFREENA,KKK44076,KKKKKAMPITIYA,SEWANAGALA,PILIMATHALAWA,7787787777,Tamil,170512,94,LEADING SEAMAN,NO.874 SIRIWARDANA ROAD,1992051,502,EFNHGIKHAS I,A,P,N,K78
MISS,F,LLLALATH JANL,LMALATH JANL,3308182855,4057U4057U40,50025,8898,S,Mr. LMALATH JANL,LM89888988,LML8898898,LMALATH JANL-405,88984057U89834,3/2/2011,779094705,98898898,726257025,LLL898@SCICOM.COM.MY,LLLS F JAYALATH,LM89NDALUWA,LLLADENIYA,SIRIPURA,PILIMATHALAWA,8898898889,Central,898N LAKSHANI JAYALATH,LLLNDALUWA,LLLADENIYA,KADURUWELA,PILIMATHALAWA,8898898888,Tamil,90215,94,LEADING SEAMAN,SRI LANKA NAVY,1995342,20,FGIAS IKANNA,A,P,Y,L89
MISS,F,MMMM FERNANDO,MNM FERNANDO,3408182856,4057V4057V40,50026,9909,,Mr. MNM FERNANDO,MN90999099,MNM9909909,MNM FERNANDO-405,99094057V90934,3/19/2011,779094706,9909909,726257026,MMM909@SCICOM.COM.MY,MMM  FERNANDO,MN90,MMMILE POST,RAJAMAWATHA,BUTTALA,9909909990,Eastern,909FERNANDO,909FERNANDO,MMMILE POST,KADURUWELA,BUTTALA,9909909989,Tamil,110407,0,ASSISTANT MANAGER,SRI LANKA NAVY,2001344,560,GHSANNAHE MC,A,P,N,M90
MISS,F,NNNDIVYANI K,NODIVYANI K,3508182857,2.20E+11,50027,1121,S,Mr. NODIVYANI K,NO12111211,NON1121121,NODIVYANI K-220,1.12E+13,4/5/2011,779094707,21121121,726257027,NNN121@SCICOM.COM.MY,NNNS F IVYANI,NO120,NNNANAYAGAM ROAD,PERIYAURANY,BATTICALOA,1121121112,Northern,121IVYANI,NNN0,NNNANAYAGAM ROAD,RAJAMAWATHA,BATTICALOA,1121121111,English,91109,0,POLICE CONSTABLE,BANK OF CEYLON,2000281,12,HI E MC NLAP,A,P,Y,N12
MS,F,AAASANDYA KKA,ABSANDYA KKA,3608182858,7840078400,50028,2232,S,Mr. ABSANDYA KKA,AB23222322,ABA2232232,ABSANDYA KKA-007,2.23E+13,4/22/2011,779094708,32232232,726257028,AAA232@SCICOM.COM.MY,AAAS F SANDYA,AB237,AAAWAGAHAKORATUWA,THENIPITA,DENIYAYA,2232232223,Southern,232SANDYA,AAA7,AAAWAGAHAKORATUWA,PERIYAURANY,DENIYAYA,2232232222,English,191118,94,SENIOR AREA MANAGER-GAMPAHA.,SRI LANKA POLICE,2001103,528,IJANLAPAN AS,A,P,N,A23
MR,M,BBBAMALDEEN S,BCAMALDEEN S,3708182859,3436V3436V34,50029,3343,M,Mrs. BCAMALDEEN S,BC34333433,BCB3343343,BCAMALDEEN S-343,33433436V34373,5/9/2011,779094709,43343343,726257029,BBB343@SCICOM.COM.MY,BBBM M ALDEEN,BC34ALLI ROAD,BBBUR-3,SIRIPURA,DENIYAYA,3343343334,Western,343ALDEEN,BBBALLI ROAD,BBBUR-3,THENIPITA,DENIYAYA,3343343333,English,190505,94,SENIOR AREA MANAGER-GAMPAHA.,BOC,1952077,630,JKSN ASMYGSH,A,P,N,B34
BABY,F,CCCINGHE WATT,CDINGHE WATT,3808182860,4057V4057V40,50030,4454,S,Mr. CDINGHE WATT,CD45444544,CDC4454454,CDINGHE WATT-405,44544057V45434,5/26/2011,779094710,54454454,726257030,CCC454@SCICOM.COM.MY,CCCS F GUNASINGHE,CD45LPITIYA,CCCRAGODA,MADURAGODA,DENIYAYA,4454454445,Central,454T T GUNASINGHE,CCCLPITIYA,CCCRAGODA,THENIPITA,DENIYAYA,4454454444,English,231116,94,SENIOR ASSISTANT DIRECTOR,BOC,2007180,532,ABAAR TA TWP,A,P,N,C45
     MR,M,DDDZZAMIL SMA,DEZZAMIL SMA,3908182861,2423V2423V24,50031,5565,M,Mrs. DEZZAMIL SMA,DE56555655,DED5565565,DEZZAMIL SMA-242,55652423V56522,6/12/2011,779094711,65565565,726257031,DDD565@SCICOM.COM.MY,DDDM M MUZAMMIL,DE569,DDDULLA ROAD,KALAHAKELE,GALEWELA,5565565556,Eastern,565MUZAMMIL,DDD9,DDDULLA ROAD,MADURAGODA,GALEWELA,5565565555,English,250101,94,VOCATIONA TRAINING INSTRCTOR,CENTRAL BANK,1970121,627,BCE TWP WGVK,A,P,N,D56
MRS,F,EEEGHANAWATHI,EFGHANAWATHI,4008182862,1985V1985V19,50032,6676,M,Mr. EFGHANAWATHI,EF67666766,EFE6676676,EFGHANAWATHI-198,66761985V67621,6/29/2011,779094712,76676676,726257032,EEE676@SCICOM.COM.MY,EEEM F GNANAWATHI,EF67THE PUBLIC  GROUND,EEESENPURA,MEDIRIGIRIYA,GALEWELA,6676676667,Northern,676GNANAWATHI,EEETHE PUBLIC  GROUND,EEESENPURA,KALAHAKELE,GALEWELA,6676676666,English,160911,94,VOCATIONA TRAINING INSTRCTOR,THIHARIYA ISLAMIC DISABLE INSTITUTE.,1965101,641,CDDWGVKA G C,A,P,N,E67
M/S,F,FFFNION ASSURANCE PLC,FGNION ASSURANCE PLC,4108182863,S1137S1137S1,50033,7787,,Mr. FGNION ASSURANCE PLC,FG78777877,FGF7787787,FGNION ASSURANCE PLC-S11,7787S1137787S1,7/16/2011,779094713,87787787,726257033,FFF787@SCICOM.COM.MY,FFF  CENTRE,FG78ICHEL'S ROAD,FFFMBO-04.,ST.MICHEL'S ROAD  ,COLOMBOO 03 ,7787787778,Southern,787SURANCE CENTRE,FFFICHEL'S ROAD,FFFMBO-04.,MEDIRIGIRIYA,COLOMBOO 03 ,7787787777,English,180303,94,VOCATIONA TRAINING INSTRCTOR,THIHARIYA ISLAMIC DISABLE INSTITUTE.,0,660,DEA G C HGIK,A,N,Y,F78
M/S,F,GGGEYLON QUARTZ INDUSTRIES (PVT) LID,GHEYLON QUARTZ INDUSTRIES (PVT) LID,4208182864,1.82E+11,50034,8898,,Mr. GHEYLON QUARTZ INDUSTRIES (PVT) LID,GH89888988,GHG8898898,GHEYLON QUARTZ INDUSTRIES (PVT) LID-182,889818243898S1,8/2/2011,779094714,98898898,726257034,GGG898@SCICOM.COM.MY,GGG,GH89KE PLACE,GGGJAYAWARDANAPURA MAWATHA,COLOMBO 02        ,COLOMBOO 03 ,8898898889,Western,898,GGGKE PLACE,GGGJAYAWARDANAPURA MAWATHA,ST.MICHEL'S ROAD  ,COLOMBOO 03 ,8898898888,Sinhala,180303,94,VOCATIONA TRAINING INSTRCTOR,THIHARIYA ISLAMIC DISABLE INSTITUTE.,0,660,EFNHGIKHAS I,A,N,N,G89
MASTER,M,HHHAKOON TMSM,HIAKOON TMSM,4308182865,1.82E+11,50035,9909,S,Mrs. HIAKOON TMSM,HI90999099,HIH9909909,HIAKOON TMSM-182,990918244909S1,8/19/2011,779094715,9909909,726257035,HHH909@SCICOM.COM.MY,HHHS M THENNAKOON,HI90/1A,HHHWANAHENA,WENDALA,RUWANWELLA,9909909990,Central,909S M THENNAKOON,HHH/1A,HHHWANAHENA,COLOMBO 02        ,RUWANWELLA,9909909989,Sinhala,210116,94,MANAGER,THIHARIYA ISLAMIC DISABLE INSTITUTE.,2015309,634,FGIAS IKANNA,A,P,Y,H90
MR,M,IIIEYAKUMAR T,IJEYAKUMAR T,4408182866,1244V1244V12,50036,1121,S,Mrs. IJEYAKUMAR T,IJ12111211,IJI1121121,IJEYAKUMAR T-124,11211244V12181,9/5/2011,779094716,21121121,726257036,III121@SCICOM.COM.MY,IIIS M YAKUMAR,IJ1255/2 T 18,IIIAND PLACE,COLOMBO 7,COLOMBO 7,1121121112,Eastern,121YAKUMAR,III55/2 T 18,IIIAND PLACE,WENDALA,RUWANWELLA,1121121111,Sinhala,221007,0,PHOTOGRAPHER,GATEWAY SRP,1991058,453,GHSANNAHE MC,A,P,N,I12
MR,M,JJJDAPALA TWP,JKDAPALA TWP,4508182867,0500V0500V05,50037,2232,S,Mrs. JKDAPALA TWP,JK23222322,JKJ2232232,JKDAPALA TWP-050,22320500V23290,9/22/2011,779094717,32232232,726257037,JJJ232@SCICOM.COM.MY,JJJS M MAHINDAPALA,JK236/C BALANGODA ROAD,JJJAYAKA,SIRIPURA,COLOMBO 7,2232232223,Northern,232MAHINDAPALA,JJJ6/C BALANGODA ROAD,JJJAYAKA,COLOMBO 7,RUWANWELLA,2232232222,Sinhala,280110,94,BUSINESS (READY MADE GARMENT),SELF,1988169,683,HI E MC NLAP,A,P,Y,J23
MR,M,KKKAYAKA WGVK,KLAYAKA WGVK,4608182868,1416V1416V14,50038,3343,M,Mrs. KLAYAKA WGVK,KL34333433,KLK3343343,KLAYAKA WGVK-141,33431416V34381,10/9/2011,779094718,43343343,726257038,KKK343@SCICOM.COM.MY,KKKM M RATHNAYAKA,KL342,KKKLAWA,GALENBINDUNUWEWA,COLOMBO 7,3343343334,Southern,343KUMARA RATHNAYAKA,KKK2,KKKLAWA,COLOMBO 7,RUWANWELLA,3343343333,Sinhala,100912,94,BUSINESS,SELF,1985347,122,IJANLAPAN AS,A,P,N,K34
MISS,F,LLLNTHI A G C,LMNTHI A G C,4708182869,2935V2935V29,50039,4454,S,Mr. LMNTHI A G C,LM45444544,LML4454454,LMNTHI A G C-293,44542935V45472,10/26/2011,779094719,54454454,726257039,LLL454@SCICOM.COM.MY,LLLS F MALKANTHI,LM45ANDA,LLLLABEDDA,HAPUTHALE,COLOMBO 7,4454454445,Western,454C MALKANTHI,LLLANDA,LLLLABEDDA,GALENBINDUNUWEWA,RUWANWELLA,4454454444,Sinhala,170114,94,BUSINESS (CYCLE SPARE PARTS),TANI GEM'S & JEWEL'S ACADEMY,1992107,515,JKSN ASMYGSH,A,P,N,L45
MS,F,MMMINGHE HGIK,MNINGHE HGIK,4808182870,1564V1564V15,50040,5565,,Mr. MNINGHE HGIK,MN56555655,MNM5565565,MNINGHE HGIK-156,55651564V56581,11/12/2011,779094720,65565565,726257040,MMM565@SCICOM.COM.MY,MMM  SAMARASINGHE,MN56GODA JUNCTION,MMMARAWA,GALPORUGOLLA,COLOMBO 7,5565565556,Central,565I K SAMARASINGHE,MMMGODA JUNCTION,MMMARAWA,HAPUTHALE,RUWANWELLA,5565565555,Sinhala,290807,0,ATTONEY-AT-LAW,SELF,1982177,92,ABAAR TA TWP,A,P,N,M56
MR,M,NNNSIVATHAS I,NOSIVATHAS I,4908182871,3568V3568V35,50041,6676,M,Mrs. NOSIVATHAS I,NO67666766,NON6676676,NOSIVATHAS I-356,66763568V67613,11/29/2011,779094721,76676676,726257041,NNN676@SCICOM.COM.MY,NNNM M SIVATHAS,NO67HAVASAM,NNN OFFICE ROAD,CHAVAKACHCHERI,COLOMBO 7,6676676667,Eastern,676URAI SIVATHAS,NNNHAVASAM,NNN OFFICE ROAD,GALPORUGOLLA,RUWANWELLA,6676676666,Sinhala,270111,94,CONSULTANT,M.C,1950160,23,BCE TWP WGVK,A,P,N,N67
MS,F,AAAWELIKANNA,AB WELIKANNA,5008182872,0850V0850V08,50042,7787,S,Mr. AB WELIKANNA,AB78777877,ABA7787787,AB WELIKANNA-085,77870850V78720,12/16/2011,779094722,87787787,726257042,AAA787@SCICOM.COM.MY,AAAS F WELIKANNA,AB78,AAARIYA ROAD,ARUKWATHTHA,PADUKKA,7787787778,Northern,787A D WELIKANNA,787A D WELIKANNA,AAARIYA ROAD,CHAVAKACHCHERI,PADUKKA,7787787777,Sinhala,201212,94,FRUIT SELLING,AKIO-KOBAYASHI INT.AUTO ASSEMBLE(PVT)LTD,1977052,678,CDDWGVKA G C,A,P,N,A78
MS,F,BBBASINGHE MC,BCASINGHE MC,5108182873,1400014000,50043,8898,M,Mr. BCASINGHE MC,BC89888988,BCB8898898,BCASINGHE MC-001,8.90E+13,1/2/2012,779094723,98898898,726257043,BBB898@SCICOM.COM.MY,BBBM F UBASINGHE,BC894,BBBRA ROAD,AKURESSA,PADUKKA,8898898889,Southern,898UBASINGHE,BBB4,BBBRA ROAD,ARUKWATHTHA,PADUKKA,8898898888,Sinhala,190918,94,FRUIT SELLING,SELF,1970271,613,DEA G C HGIK,A,P,Y,B89
     MR,M,CCCSANJU NLAP,CDSANJU NLAP,5208182874,2943V2943V29,50044,9909,S,Mrs. CDSANJU NLAP,CD90999099,CDC9909909,CDSANJU NLAP-294,99092943V90992,1/19/2012,779094724,9909909,726257044,CCC909@SCICOM.COM.MY,CCCS M SANJU,CD90,CCCELA,NELUWA.,PADUKKA,9909909990,Western,909P SANJU,909P SANJU,CCCELA,AKURESSA,PADUKKA,9909909989,Sinhala,40806,94,BUSINESS,SELF,1997328,667,EFNHGIKHAS I,A,P,N,C90
MR,M,DDDRUKSHAN AS,DERUKSHAN AS,,,50045,1121,N,Mrs. DERUKSHAN AS,DE12111211,DED1121121,DERUKSHAN AS-,1121,2/5/2012,779094725,21121121,726257045,DDD121@SCICOM.COM.MY,DDDN M NIRUKSHAN,DE128/51 SAMAGI MAWATHA,DDDARA,POLGASOWITA,PADUKKA,1121121112,Central,121S NIRUKSHAN,DDD8/51 SAMAGI MAWATHA,DDDARA,NELUWA.,PADUKKA,1121121111,Sinhala,190310,0,BUSINESS,SELF,2004012,37,FGIAS IKANNA,A,P,Y,D12
MR,M,EEEETH HMYGSH,EFETH HMYGSH,,,50046,2232,S,Mrs. EFETH HMYGSH,EF23222322,EFE2232232,EFETH HMYGSH-,2232,2/22/2012,779094726,32232232,726257046,EEE232@SCICOM.COM.MY,EEES M JAYANETH,EF23ARA GEDARA,EEEAWELA,MAHAWELA,PADUKKA,2232232223,Eastern,232G S H JAYANETH,EEEARA GEDARA,EEEAWELA,POLGASOWITA,PADUKKA,2232232222,Sinhala,170216,0,JUKY MACHINE OPERATER,SELF,2010179,640,GHSANNAHE MC,A,P,N,E23
MR,M,FFFNAJEEFER K,FGNAJEEFER K,3103V63103631033103V,3103V3103V31,50047,3343,M,Mrs. FGNAJEEFER K,FG34333433,FGF3343343,FGNAJEEFER K-310,33433103V63103,3/10/2012,779094727,43343343,726257047,FFF343@SCICOM.COM.MY,FFFM M EEFER,FG3435,FFFMBEKANI 01,CHAWALAKADAI,PADUKKA,3343343334,Northern,343EEFER,FFF35,FFFMBEKANI 01,MAHAWELA,PADUKKA,3343343333,Sinhala,180816,94,HEALTH MANAGEMENT ASSISTANT,PARADISE GARMENT,1991185,510,HI E MC NLAP,A,P,Y,F34
MR,M,GGGSEMIN MS,GHSEMIN MS,3690V93690936903690V,3690V3690V36,50048,4454,M,Mrs. GHSEMIN MS,GH45444544,GHG4454454,GHSEMIN MS-369,44543690V93690,3/27/2012,779094728,54454454,726257048,GGG454@SCICOM.COM.MY,GGGM M EMIN,GH45ROAD,GGGMAVADY-02,ODDAMAVADY,PADUKKA,4454454445,Southern,454EMIN,GGGROAD,GGGMAVADY-02,CHAWALAKADAI,PADUKKA,4454454444,Sinhala,150420,94,DEPAHAN TYRE HOUSE,DIRECTOR- HEALTH SERVICES,1970358,626,IJANLAPAN AS,A,P,N,G45
MR,M,HHHRIYA KKDLS,HIRIYA KKDLS,4578V34578345784578V,4578V4578V45,50049,5565,M,Mrs. HIRIYA KKDLS,HI56555655,HIH5565565,HIRIYA KKDLS-457,55654578V34578,4/13/2012,779094729,65565565,726257049,HHH565@SCICOM.COM.MY,HHHM M WEERASOORIYA,HI5643923,HHH4,GIRITALE,PADUKKA,5565565556,Western,565L S WEERASOORIYA,HHH43923,HHH4,ODDAMAVADY,PADUKKA,5565565555,Sinhala,191118,94,DIRECTOR.,SELF,1977102,601,JKSN ASMYGSH,A,P,N,H56
MR,M,IIIERATH KHJT,IJERATH KHJT,3379V73379733793379V,3379V3379V33,50050,6676,S,Mrs. IJERATH KHJT,IJ67666766,IJI6676676,IJERATH KHJT-337,66763379V73379,4/30/2012,779094730,76676676,726257050,III676@SCICOM.COM.MY,IIIS M HERATH,IJ67 RAJA MAWATHA,IIIELIGAMA,SEWANAGALA,PADUKKA,6676676667,Central,676T HERATH,III RAJA MAWATHA,IIIELIGAMA,GIRITALE,PADUKKA,6676676666,Sinhala,170120,94,TEACHER,LEARN IT COMPUTER COMPANY (PVT)LTD,1999126,823,ABAAR TA TWP,A,P,N,I67
MR,M,JJJMANJU WGN,JKMANJU WGN,3890V53890538903890V,3890V3890V38,50051,7787,M,Mrs. JKMANJU WGN,JK78777877,JKJ7787787,JKMANJU WGN-389,77873890V53890,5/17/2012,779094731,87787787,726257051,JJJ787@SCICOM.COM.MY,JJJM M KUMARA,JK78,JJJMALKANDURA,SIRIPURA,PADUKKA,7787787778,Eastern,787M KUMARA,787M KUMARA,JJJMALKANDURA,SEWANAGALA,PADUKKA,7787787777,Sinhala,150703,94,TEACHER,OVERSEAS INTERNATIONAL SCHOOL,1980105,2,BCE TWP WGVK,A,P,N,J78
     MS,F,KKKSIFAYA MFF,KLSIFAYA MFF,3468V23468234683468V,3468V3468V34,50052,8898,M,Mr. KLSIFAYA MFF,KL89888988,KLK8898898,KLSIFAYA MFF-346,88983468V23468,6/3/2012,779094732,98898898,726257052,KKK898@SCICOM.COM.MY,KKKM F SIFAYA,KL898 VIVEKANANADA HILL,KKKMBO 13,SIRIPURA,PADUKKA,8898898889,Northern,898SIFAYA,KKK8 VIVEKANANADA HILL,KKKMBO 13,SIRIPURA,PADUKKA,8898898888,Sinhala,10150,0,CASHIER,OVERSEAS INTERNATIONAL SCHOOL,1975022,573,CDDWGVKA G C,A,P,N,K89
     MS,F,LLLOHAMMED HN,LMOHAMMED HN,,,50053,9909,,Mr. LMOHAMMED HN,LM90999099,LML9909909,LMOHAMMED HN-,9909,6/20/2012,779094733,9909909,726257053,LLL909@SCICOM.COM.MY,LLL  OHAMMED,LM90EELAWALA RD,LLLENIYA,MARASSANA,PADUKKA,9909909990,Southern,909OHAMMED,LLLEELAWALA RD,LLLENIYA,SIRIPURA,PADUKKA,9909909989,Sinhala,131006,0,ABLE SEAMAN,GRAND ORIENT HOTEL,1997321,2,DEA G C HGIK,A,P,Y,L90
     MS,F,MMMSABEEB MI,MNSABEEB MI,,,50054,1121,,Mr. MNSABEEB MI,MN12111211,MNM1121121,MNSABEEB MI-,1121,7/7/2012,779094734,21121121,726257054,MMM121@SCICOM.COM.MY,MMM  ABEEB,MN12MANIKKAMPATTIYA,MMMRUWELA,SIRIPURA,PADUKKA,1121121112,Western,121ABEEB,MMMMANIKKAMPATTIYA,MMMRUWELA,MARASSANA,PADUKKA,1121121111,Sinhala,310707,0,CHEFT,SRI LANKA NAVY,2005181,502,EFNHGIKHAS I,A,P,N,M12
     MS,M,NNNT NILAVAN,NO T NILAVAN,2.00E+18,19990199901,50055,2232,S,Mrs. NO T NILAVAN,NO23222322,NON2232232,NO T NILAVAN-019,2.23E+13,7/24/2012,779094735,32232232,726257055,NNN232@SCICOM.COM.MY,NNNS M ILAVAN,NO2343984,NNNNCHI,SIVAPURAM,POONAKARY,2232232223,Central,232ILAVAN,NNN43984,NNNNCHI,MARASSANA,POONAKARY,2232232222,Sinhala,41109,0,CHEFT,HOTEL HILTON,1999278,44,FGIAS IKANNA,A,P,Y,N23
MASTER,M,AAAEKARA WMCD,ABEKARA WMCD,,,50056,3343,S,Mrs. ABEKARA WMCD,AB34333433,ABA3343343,ABEKARA WMCD-,3343,8/10/2012,779094736,43343343,726257056,AAA343@SCICOM.COM.MY,AAAS M WEERASEKARA,AB348/B,AAADAGALAWATTA,HAAPANA,PILIMATHALAWA,3343343334,Eastern,343D WEERASEKARA,AAA8/B,AAADAGALAWATTA,SIVAPURAM,PILIMATHALAWA,3343343333,Sinhala,180411,94,CHEFT,HOTEL HILTON,2011086,524,GHSANNAHE MC,A,P,N,A34
BABY,F,BBBRUPASINGHA,BCRUPASINGHA,,,50057,4454,S,Mr. BCRUPASINGHA,BC45444544,BCB4454454,BCRUPASINGHA-,4454,8/27/2012,779094737,54454454,726257057,BBB454@SCICOM.COM.MY,BBBS F RUPASINGHE,BC452,BBBAMANDIYA,SEWANAGALA,PILIMATHALAWA,4454454445,Northern,454VIDARA RUPASINGHE,BBB2,BBBAMANDIYA,HAAPANA,PILIMATHALAWA,4454454444,Tamil,50216,94,NOTARY PUBLIC,HOTEL HILTON,2010069,322,HI E MC NLAP,A,P,Y,B45
MR,M,CCCGOWSHIK S,CDGOWSHIK S,,,50058,5565,S,Mrs. CDGOWSHIK S,CD56555655,CDC5565565,CDGOWSHIK S-,5565,9/13/2012,779094738,65565565,726257058,CCC565@SCICOM.COM.MY,CCCS M SHIK,CD56RE T V,CCCON,SIRIPURA,PILIMATHALAWA,5565565556,Southern,565SHIK,CCCRE T V,CCCON,SEWANAGALA,PILIMATHALAWA,5565565555,Tamil,250516,94,SELF EMPLOYED,SELF,2010235,40,IJANLAPAN AS,A,P,N,C56
MS,F,DDDFREENA MEP,DEFREENA MEP,4241V14241142414241V,4241V4241V42,50059,6676,S,Mr. DEFREENA MEP,DE67666766,DED6676676,DEFREENA MEP-424,66764241V14241,9/30/2012,779094739,76676676,726257059,DDD676@SCICOM.COM.MY,DDDS F SAFREENA,DE6744076,DDDKKAMPITIYA,KADURUWELA,PILIMATHALAWA,6676676667,Western,676SAFREENA,DDD44076,DDDKKAMPITIYA,SEWANAGALA,PILIMATHALAWA,6676676666,Tamil,170512,94,LEADING SEAMAN,NO.874 SIRIWARDANA ROAD,1992051,502,JKSN ASMYGSH,A,P,N,D67
MISS,F,EEEALATH JANL,EFALATH JANL,4057V34057340574057V,4057V4057V40,50060,7787,S,Mr. EFALATH JANL,EF78777877,EFE7787787,EFALATH JANL-405,77874057V34057,10/17/2012,779094740,87787787,726257060,EEE787@SCICOM.COM.MY,EEES F JAYALATH,EF78NDALUWA,EEEADENIYA,SIRIPURA,PILIMATHALAWA,7787787778,Central,787N LAKSHANI JAYALATH,EEENDALUWA,EEEADENIYA,KADURUWELA,PILIMATHALAWA,7787787777,Tamil,90215,94,LEADING SEAMAN,SRI LANKA NAVY,1995342,20,ABAAR TA TWP,A,P,N,E78
MS,F,FFFM FERNANDO,FGM FERNANDO,,,50061,8898,,Mr. FGM FERNANDO,FG89888988,FGF8898898,FGM FERNANDO-,8898,11/3/2012,779094741,98898898,726257061,FFF898@SCICOM.COM.MY,FFF  FERNANDO,FG89,FFFILE POST,RAJAMAWATHA,BUTTALA,8898898889,Eastern,898FERNANDO,898FERNANDO,FFFILE POST,KADURUWELA,BUTTALA,8898898888,English,110407,0,ASSISTANT MANAGER,SRI LANKA NAVY,2001344,560,BCE TWP WGVK,A,P,N,F89
MS,F,GGGDIVYANI K,GHDIVYANI K,2.20E+19,2.20E+11,50062,9909,S,Mr. GHDIVYANI K,GH90999099,GHG9909909,GHDIVYANI K-220,9.91E+13,11/20/2012,779094742,9909909,726257062,GGG909@SCICOM.COM.MY,GGGS F IVYANI,GH900,GGGANAYAGAM ROAD,PERIYAURANY,BATTICALOA,9909909990,Northern,909IVYANI,GGG0,GGGANAYAGAM ROAD,RAJAMAWATHA,BATTICALOA,9909909989,English,91109,0,POLICE CONSTABLE,BANK OF CEYLON,2000281,12,CDDWGVKA G C,A,P,N,G90
MS,F,HHHSANDYA KKA,HISANDYA KKA,7.85E+17,7840078400,50063,1121,S,Mr. HISANDYA KKA,HI12111211,HIH1121121,HISANDYA KKA-007,1.12E+13,12/7/2012,779094743,21121121,726257063,HHH121@SCICOM.COM.MY,HHHS F SANDYA,HI127,HHHWAGAHAKORATUWA,THENIPITA,DENIYAYA,1121121112,Southern,121SANDYA,HHH7,HHHWAGAHAKORATUWA,PERIYAURANY,DENIYAYA,1121121111,English,191118,94,SENIOR AREA MANAGER-GAMPAHA.,SRI LANKA POLICE,2001103,528,DEA G C HGIK,A,P,Y,H12
MR,M,IIIAMALDEEN S,IJAMALDEEN S,7.34E+19,7.34E+11,50064,2232,M,Mrs. IJAMALDEEN S,IJ23222322,IJI2232232,IJAMALDEEN S-734,2.23E+13,12/24/2012,779094744,32232232,726257064,III232@SCICOM.COM.MY,IIIM M ALDEEN,IJ23ALLI ROAD,IIIUR-3,KADURUWELA,DENIYAYA,2232232223,Western,232ALDEEN,IIIALLI ROAD,IIIUR-3,THENIPITA,DENIYAYA,2232232222,English,190505,94,SENIOR AREA MANAGER-GAMPAHA.,BOC,1952077,630,EFNHGIKHAS I,A,P,N,I23
BABY,F,JJJINGHE WATT,JKINGHE WATT,,,50065,3343,S,Mr. JKINGHE WATT,JK34333433,JKJ3343343,JKINGHE WATT-,3343,1/10/2013,779094745,43343343,726257065,JJJ343@SCICOM.COM.MY,JJJS F GUNASINGHE,JK34LPITIYA,JJJRAGODA,MADURAGODA,DENIYAYA,3343343334,Central,343T T GUNASINGHE,JJJLPITIYA,JJJRAGODA,THENIPITA,DENIYAYA,3343343333,English,231116,94,SENIOR ASSISTANT DIRECTOR,BOC,2007180,532,FGIAS IKANNA,A,P,Y,J34
     MR,M,KKKZZAMIL SMA,KLZZAMIL SMA,2423V22423224232423V,2423V2423V24,50066,4454,M,Mrs. KLZZAMIL SMA,KL45444544,KLK4454454,KLZZAMIL SMA-242,44542423V22423,1/27/2013,779094746,54454454,726257066,KKK454@SCICOM.COM.MY,KKKM M MUZAMMIL,KL459,KKKULLA ROAD,KALAHAKELE,GALEWELA,4454454445,Eastern,454MUZAMMIL,KKK9,KKKULLA ROAD,MADURAGODA,GALEWELA,4454454444,English,250101,94,VOCATIONA TRAINING INSTRCTOR,CENTRAL BANK,1970121,627,GHSANNAHE MC,A,P,N,K45
MRS,F,LLLGHANAWATHI,LMGHANAWATHI,1985V21985219851985V,1985V1985V19,50067,5565,M,Mr. LMGHANAWATHI,LM56555655,LML5565565,LMGHANAWATHI-198,55651985V21985,2/13/2013,779094747,65565565,726257067,LLL565@SCICOM.COM.MY,LLLM F GNANAWATHI,LM56THE PUBLIC  GROUND,LLLSENPURA,MEDIRIGIRIYA,GALEWELA,5565565556,Northern,565GNANAWATHI,LLLTHE PUBLIC  GROUND,LLLSENPURA,KALAHAKELE,GALEWELA,5565565555,English,160911,94,READY MADE GARMANT SELLER.,THIHARIYA ISLAMIC DISABLE INSTITUTE.,1965101,641,HI E MC NLAP,A,P,Y,L56
MR,M,MMMTHAPALA BG,MNTHAPALA BG,0012V20012200120012V,0012V0012V00,50068,6676,M,Mrs. MNTHAPALA BG,MN67666766,MNM6676676,MNTHAPALA BG-001,66760012V20012,3/2/2013,779094748,76676676,726257068,MMM676@SCICOM.COM.MY,MMMM M UGATHAPALA,MN67AHAPOLLEWWA WATTA,MMMGAMA,THALGASWALA,GALEWELA,6676676667,Southern,676UGATHAPALA,MMMAHAPOLLEWWA WATTA,MMMGAMA,MEDIRIGIRIYA,GALEWELA,6676676666,Sinhala,30214,94,SHOW ROOM CLEANER,SELF,1958091,596,IJANLAPAN AS,A,P,N,M67
     MRS,F,NNNMENIKE RM,NO MENIKE RM,2778V42778427782778V,2778V2778V27,50069,7787,,Mr. NO MENIKE RM,NO78777877,NON7787787,NO MENIKE RM-277,77872778V42778,3/19/2013,779094749,87787787,726257069,NNN787@SCICOM.COM.MY,NNN F MENIKE,NNN F MENIKE,NNNETALAWINNA,KATUGASTOTA,GALEWELA,7787787778,Western,787MADDUMA MENIKE,787MADDUMA MENIKE,NNNETALAWINNA,THALGASWALA,GALEWELA,7787787777,Sinhala,190400,0,J.S.O.,HUBERT N. ANTHONY & SONS (PVT) LTD,1951143,666,JKSN ASMYGSH,A,P,N,N78
MS,F,AAAAYANTHI KS,ABAYANTHI KS,0765V40765407650765V,0765V0765V07,50070,8898,,Mr. ABAYANTHI KS,AB89888988,ABA8898898,ABAYANTHI KS-076,88980765V40765,4/5/2013,779094750,98898898,726257070,AAA898@SCICOM.COM.MY,AAA F AMAYANTHI,AB89ILA,AAAOGAMA,KATUGASTOTA,GALEWELA,8898898889,Central,898AMAYANTHI,AAAILA,AAAOGAMA,KATUGASTOTA,GALEWELA,8898898888,Sinhala,250406,94,M.D.A.,BANK OF CEYLON,1979253,22,ABAAR TA TWP,A,P,N,A89
     MS,F,BBBERATH HMNM,BCERATH HMNM,1800V51800518001800V,1800V1800V18,50071,9909,S,Mr. BCERATH HMNM,BC90999099,BCB9909909,BCERATH HMNM-180,99091800V51800,4/22/2013,779094751,9909909,726257071,BBB909@SCICOM.COM.MY,BBBS F HERATH,BBBS F HERATH,BBBAWA,GANEWATTE,NIKADALUPOTHA,9909909990,Eastern,909M HERATH,909M HERATH,BBBAWA,KATUGASTOTA,NIKADALUPOTHA,9909909989,Sinhala,50996,94,SHOWROOM MANAGER,BANK OF CEYLON,1993184,569,BCE TWP WGVK,A,P,N,B90
MS,F,CCCINAMA KDWB,CDINAMA KDWB,,,50072,1121,S,Mr. CDINAMA KDWB,CD12111211,CDC1121121,CDINAMA KDWB-,1121,5/9/2013,779094752,21121121,726257072,CCC121@SCICOM.COM.MY,CCCS  SIRINAMA,CD12HA WELANDA SELA BARE,CCCRAMMULLA,PALLEPOLA,NIKADALUPOTHA,1121121112,Northern,121W B SIRINAMA,CCCHA WELANDA SELA BARE,CCCRAMMULLA,GANEWATTE,NIKADALUPOTHA,1121121111,Sinhala,270209,94,SHOWROOM MANAGER,UNION HOLDINGS PVT LTD,2004187,640,CDDWGVKA G C,A,P,N,C12
MR,M,DDDSHIHESAN J,DESHIHESAN J,,,50073,2232,S,Mrs. DESHIHESAN J,DE23222322,DED2232232,DESHIHESAN J-,2232,5/26/2013,779094753,32232232,726257073,DDD232@SCICOM.COM.MY,DDDS M ISHIHESAN,DE23THTHAWATHTHAI,DDDKANDY WEST,VALVETTITHURAI,NIKADALUPOTHA,2232232223,Southern,232ISHIHESAN,DDDTHTHAWATHTHAI,DDDKANDY WEST,PALLEPOLA,NIKADALUPOTHA,2232232222,Sinhala,170912,94,SHOWROOM MANAGER,UNION HOLDINGS PVT LTD,2012236,28,DEA G C HGIK,A,P,Y,D23
MR,M,EEEROKSAN S,EFROKSAN S,,,50074,3343,S,Mrs. EFROKSAN S,EF34333433,EFE3343343,EFROKSAN S-,3343,6/12/2013,779094754,43343343,726257074,EEE343@SCICOM.COM.MY,EEES M ROKSAN,EF34NO 05,EEETHAPURAM,PUTHUKKUDIYIRUPPU,NIKADALUPOTHA,3343343334,Western,343ESH ROKSAN,EEENO 05,EEETHAPURAM,VALVETTITHURAI,NIKADALUPOTHA,3343343333,Sinhala,241016,94,J.EX.OFFICER.,UNION HOLDINGS PVT LTD,2002277,341,EFNHGIKHAS I,A,P,N,E34
     MRS,F,FFFAYAMALI WC,FGAYAMALI WC,2014V02014020142014V,2014V2014V20,50075,4454,,Mr. FGAYAMALI WC,FG45444544,FGF4454454,FGAYAMALI WC-201,44542014V02014,6/29/2013,779094755,54454454,726257075,FFF454@SCICOM.COM.MY,FFF F JAYAMALI,"FG458/A,SUSIL MAWAT",FFFH CANNAL,UDAWALAWA,NIKADALUPOTHA,4454454445,Central,454JAYAMALI,"FFF8/A,SUSIL MAWAT",FFFH CANNAL,PUTHUKKUDIYIRUPPU,NIKADALUPOTHA,4454454444,Sinhala,301198,0,POLICE CONSTABLE,BANK OF CEYLON.,1965179,535,FGIAS IKANNA,A,P,Y,F45
MR,M,GGGANDARA DMK,GHANDARA DMK,4308V74308743084308V,4308V4308V43,50076,5565,M,Mrs. GHANDARA DMK,GH56555655,GHG5565565,GHANDARA DMK-430,55654308V74308,7/16/2013,779094756,65565565,726257076,GGG565@SCICOM.COM.MY,GGGM M BANDARA,GH56 DALGODA COLONY,GGGALA,KALAWANA,KALAWANA,5565565556,Eastern,565BANDARA,GGG DALGODA COLONY,GGGALA,UDAWALAWA,KALAWANA,5565565555,Sinhala,170817,94,POLICE CONSTABLE,POLICE HEADQUARTERS,1984237,645,GHSANNAHE MC,A,P,N,G56
MASTER,M,HHHDARA RMRPH,HIDARA RMRPH,,,50077,6676,S,Mrs. HIDARA RMRPH,HI67666766,HIH6676676,HIDARA RMRPH-,6676,8/2/2013,779094757,76676676,726257077,HHH676@SCICOM.COM.MY,HHHS M BANDARA,HI67,HHH50,MADUGAHAPATTIYA,BADALKUMBURA,6676676667,Northern,676M R P H BANDARA,676M R P H BANDARA,HHH50,KALAWANA,BADALKUMBURA,6676676666,Sinhala,110118,94,EXECUTIVE OFFICER.,POLICE HEADQUARTERS,2012070,540,HI E MC NLAP,A,P,Y,H67
MR,M,IIIARATHNE HM,IJARATHNE HM,1840V71840718401840V,1840V1840V18,50078,7787,M,Mrs. IJARATHNE HM,IJ78777877,IJI7787787,IJARATHNE HM-184,77871840V71840,8/19/2013,779094758,87787787,726257078,III787@SCICOM.COM.MY,IIIM M KEBELLAWITA,IJ78NKOTUWA,IIIWA,ALAWWA,BADALKUMBURA,7787787778,Southern,787KEBELLAWITA,IIINKOTUWA,IIIWA,MADUGAHAPATTIYA,BADALKUMBURA,7787787777,Sinhala,240216,94,STAFF,"BANK OF CEYLON,",1945106,498,IJANLAPAN AS,A,P,N,I78
MR,M,JJJHANTHA WKP,JKHANTHA WKP,2033V22033220332033V,2033V2033V20,50079,8898,S,Mrs. JKHANTHA WKP,JK89888988,JKJ8898898,JKHANTHA WKP-203,88982033V22033,9/5/2013,779094759,98898898,726257079,JJJ898@SCICOM.COM.MY,JJJS M PRIYASHANTHA,JK89ALA ROAD,JJJKOON WEWA,THABBOWA,PUTTALAM,8898898889,Western,898PRIYASHANTHA,JJJALA ROAD,JJJKOON WEWA,ALAWWA,PUTTALAM,8898898888,Sinhala,310316,94,POLICE CONSTABLE,CEMENT CORPORATION,1995361,48,JKSN ASMYGSH,A,P,N,J89
MRS,F,KKKMAWATHI JA,KLMAWATHI JA,1659V91659916591659V,1659V1659V16,50080,9909,M,Mr. KLMAWATHI JA,KL90999099,KLK9909909,KLMAWATHI JA-165,99091659V91659,9/22/2013,779094760,9909909,726257080,KKK909@SCICOM.COM.MY,KKKM F PREMAWATHI,KL90SEWANA,KKKRA,NETOLPITIYA,PUTTALAM,9909909990,Central,909PREMAWATHI,KKKSEWANA,KKKRA,THABBOWA,PUTTALAM,9909909989,Sinhala,260712,94,PETTY OFFICER,SP OFFICE,1948249,56,ABAAR TA TWP,A,P,N,K90
     MR,M,LLLHULINGAM S,LMHULINGAM S,3353X13353133533353X,3353X3353X33,50081,1121,,Mrs. LMHULINGAM S,LM12111211,LML1121121,LMHULINGAM S-335,11213353X13353,10/9/2013,779094761,21121121,726257081,LLL121@SCICOM.COM.MY,LLL M THULINGAM,LM12ELA ESTATE,LLLNNA,NETOLPITIYA,PUTTALAM,1121121112,Eastern,121THULINGAM,LLLELA ESTATE,LLLNNA,NETOLPITIYA,PUTTALAM,1121121111,Sinhala,190504,0,PETTY OFFICER,SRI LANKA NAVY,1956321,673,BCE TWP WGVK,A,P,N,L12
     MR,M,MMMEYAKUMAR K,MNEYAKUMAR K,4424V34424344244424V,4424V4424V44,50082,2232,M,Mrs. MNEYAKUMAR K,MN23222322,MNM2232232,MNEYAKUMAR K-442,22324424V34424,10/26/2013,779094762,32232232,726257082,MMM232@SCICOM.COM.MY,MMMM M AKUMAR,MN23 TEMPLE ROAD,MMMESWARAM,CHILAW,PUTTALAM,2232232223,Northern,232AKUMAR,MMM TEMPLE ROAD,MMMESWARAM,NETOLPITIYA,PUTTALAM,2232232222,Sinhala,60303,0,PHYSICIAN,SRI LANKA NAVY,1974053,20,CDDWGVKA G C,A,P,N,M23
MISS,F,NNNWANTHI UNP,NOWANTHI UNP,0919V30919309190919V,0919V0919V09,50083,3343,S,Mr. NOWANTHI UNP,NO34333433,NON3343343,NOWANTHI UNP-091,33430919V30919,11/12/2013,779094763,43343343,726257083,NNN343@SCICOM.COM.MY,NNNS F DINUWANTHI,NO348/D/1,NNNGNAMPITIYA SOUTH,KALPITIYA,PUTTALAM,3343343334,Southern,343PRIYANGIKA DINUWANTHI,NNN8/D/1,NNNGNAMPITIYA SOUTH,CHILAW,PUTTALAM,3343343333,Sinhala,40117,94,ENGINEER,"5859,ALLEPPO LANE,",1999092,589,DEA G C HGIK,A,P,Y,N34
MR,M,AAAMANTHA KPS,ABMANTHA KPS,3356V83356833563356V,3356V3356V33,50084,4454,S,Mrs. ABMANTHA KPS,AB45444544,ABA4454454,ABMANTHA KPS-335,44543356V83356,11/29/2013,779094764,54454454,726257084,AAA454@SCICOM.COM.MY,AAAS M DUSHMANTHA,AB45AWATTHA,AAAWILA,BERUWALA,PUTTALAM,4454454445,Western,454DUSHMANTHA,AAAAWATTHA,AAAWILA,KALPITIYA,PUTTALAM,4454454444,Sinhala,50413,94,LEADING SEAMAN,COLOMBO CMMUNICATIONS LTD,1993327,563,EFNHGIKHAS I,A,P,N,A45
MRS,F,BBBTHUNGA WMC,ABTHUNGA WMC,4603V84603846034603V,4603V4603V46,50085,5565,M,Mr. ABTHUNGA WMC,AB56555655,ABB5565565,ABTHUNGA WMC-460,55654603V84603,12/16/2013,779094765,65565565,726257085,BBB565@SCICOM.COM.MY,BBBM F WIJETHUNGA,AB56,BBBANDAYAYA,UVA THISSAPURA,MAHIYANGANAYA,5565565556,Central,565CHANDRA WIJETHUNGA,565CHANDRA WIJETHUNGA,BBBANDAYAYA,BERUWALA,MAHIYANGANAYA,5565565555,Sinhala,221214,94,WELDER.,"SRI LANKA NAVY,",1973087,542,FGIAS IKANNA,A,P,Y,B56
MS,F,CCCWANTHI HPT,BCWANTHI HPT,2076V42076420762076V,2076V2076V20,50086,6676,S,Mr. BCWANTHI HPT,BC67666766,BCC6676676,BCWANTHI HPT-207,66762076V42076,1/2/2014,779094766,76676676,726257086,CCC676@SCICOM.COM.MY,CCCS F MADHUWANTHI,BC670/H/1,CCCAHA WATHTHA,BORALESSA,MAHIYANGANAYA,6676676667,Eastern,676MADHUWANTHI,CCC0/H/1,CCCAHA WATHTHA,UVA THISSAPURA,MAHIYANGANAYA,6676676666,Sinhala,41116,94,SEAMAN,SELF,1998333,508,GHSANNAHE MC,A,P,N,C67
MRS,F,DDDNAWEERA HN,CDNAWEERA HN,0407V00407004070407V,0407V0407V04,50087,7787,M,Mr. CDNAWEERA HN,CD78777877,CDD7787787,CDNAWEERA HN-040,77870407V00407,1/19/2014,779094767,87787787,726257087,DDD787@SCICOM.COM.MY,DDDM F RANAWEERA,CD78LE,DDDAGAMA,AMBEPUSSA,MAHIYANGANAYA,7787787778,Northern,787RANAWEERA,DDDLE,DDDAGAMA,BORALESSA,MAHIYANGANAYA,7787787777,Sinhala,150405,94,MANAGEMENT EXECUTIVE,MERCANTILE MARINE MANAGEMENT,1983149,88,HI E MC NLAP,A,P,Y,D78
MISS,F,EEEINGHE JMED,DEINGHE JMED,1993V71993719931993V,1993V1993V19,50088,8898,S,Mr. DEINGHE JMED,DE89888988,DEE8898898,DEINGHE JMED-199,88981993V71993,2/5/2014,779094768,98898898,726257088,EEE898@SCICOM.COM.MY,EEES F JAYASINGHE,DE8944075,EEEAPITA OYA (SOUTH),PADIYATHALAWA,MAHIYANGANAYA,8898898889,Southern,898E D JAYASINGHE,EEE44075,EEEAPITA OYA (SOUTH),AMBEPUSSA,MAHIYANGANAYA,8898898888,Sinhala,300114,94,FARMER,MERCANTILE MARINE MANAGEMENT,1997047,542,IJANLAPAN AS,A,P,N,E89
     MR,M,FFFPERERA SA,EFPERERA SA,1339V81339813391339V,1339V1339V13,50089,9909,M,Mrs. EFPERERA SA,EF90999099,EFF9909909,EFPERERA SA-133,99091339V81339,2/22/2014,779094769,9909909,726257089,FFF909@SCICOM.COM.MY,FFFM M PERERA,EF90A NIWASA,FFFUGALA,POTHUHERA,MAHIYANGANAYA,9909909990,Western,909PERERA,FFFA NIWASA,FFFUGALA,PADIYATHALAWA,MAHIYANGANAYA,9909909989,Sinhala,70205,94,ASSIATANT MANAGER,FARMER,1949028,664,JKSN ASMYGSH,A,P,N,F90
     MRS,F,GGGESWARIE. R,FGESWARIE. R,,,50090,1121,,Mr. FGESWARIE. R,FG12111211,FGG1121121,FGESWARIE. R-,1121,3/11/2014,779094770,21121121,726257090,GGG121@SCICOM.COM.MY,GGG F ETCHANESWARIE.,"FG12IPPU,",GGGEL.,POTHUHERA,MAHIYANGANAYA,1121121112,Central,121ETCHANESWARIE.,"GGGIPPU,",GGGEL.,POTHUHERA,MAHIYANGANAYA,1121121111,Sinhala,190903,0,GENERAL MANAGER,BANK OF CEYLON,1900001,565,ABAAR TA TWP,A,P,N,G12
  MISS,F,HHHATHARA RPL,GHATHARA RPL,,,50091,2232,S,Mr. GHATHARA RPL,GH23222322,GHH2232232,GHATHARA RPL-,2232,3/28/2014,779094771,32232232,726257091,HHH232@SCICOM.COM.MY,HHHS F NAYANATHARA,GH23A NAMAYA ROAD,HHHAMBUWA,KULIYAPITIYA,MAHIYANGANAYA,2232232223,Eastern,232NAYANATHARA,HHHA NAMAYA ROAD,HHHAMBUWA,POTHUHERA,MAHIYANGANAYA,2232232222,Tamil,300108,94,AIR CRAFT.,YOUNG IN LANKA(PVT)LTD.,1997328,497,BCE TWP WGVK,A,P,N,H23
MISS,F,IIISAMALI SPO,HISAMALI SPO,0558V90558905580558V,0558V0558V05,50092,3343,S,Mr. HISAMALI SPO,HI34333433,HII3343343,HISAMALI SPO-055,33430558V90558,4/14/2014,779094772,43343343,726257092,III343@SCICOM.COM.MY,IIIS F SANALI,HI34A WATTHA,IIIE,HAKMANA,MAHIYANGANAYA,3343343334,Northern,343O SANALI,IIIA WATTHA,IIIE,KULIYAPITIYA,MAHIYANGANAYA,3343343333,Tamil,270209,94,AIR CRAFT TECCHNICIAN.,SRI LANKA AIR FORCE.,2008091,691,CDDWGVKA G C,A,P,N,I34
MRS,F,JJJASINGHE CS,IJASINGHE CS,,,50093,4454,M,Mr. IJASINGHE CS,IJ45444544,IJJ4454454,IJASINGHE CS-,4454,5/1/2014,779094773,54454454,726257093,JJJ454@SCICOM.COM.MY,JJJM F AMARASINGHE,IJ45A,JJJAMA ROAD,MEERUPPA,MARASSANA,4454454445,Southern,454AMARASINGHE,JJJA,JJJAMA ROAD,HAKMANA,MARASSANA,4454454444,Tamil,140119,94,HEAD OF ADMINISTRATION,SRI LANKA AIR FORCE.,1975309,456,DEA G C HGIK,A,P,Y,J45
     MS,F,KKKDUSHIKA KS,JKDUSHIKA KS,2378V02378023782378V,2378V2378V23,50094,5565,S,Mr. JKDUSHIKA KS,JK56555655,JKK5565565,JKDUSHIKA KS-237,55652378V02378,5/18/2014,779094774,65565565,726257094,KKK565@SCICOM.COM.MY,KKKS F NICHOLASIUS,KKKS F NICHOLASIUS,KKK/THABBOWE,PUTTALAM,MARASSANA,5565565556,Western,565ADUSHIKA NICHOLASIUS,565ADUSHIKA NICHOLASIUS,KKK/THABBOWE,MEERUPPA,MARASSANA,5565565555,Tamil,250398,0,EXECUTIVE OFFICER,REGAL INTERNATIONAL,1997158,48,EFNHGIKHAS I,A,P,N,K56
     MISS,F,LLLSINGHE WAA,KLSINGHE WAA,3286V93286932863286V,3286V3286V32,50095,6676,S,Mr. KLSINGHE WAA,KL67666766,KLL6676676,KLSINGHE WAA-328,66763286V93286,6/4/2014,779094775,76676676,726257095,LLL676@SCICOM.COM.MY,LLLS F WICKRAMASINGHE,KL67 POLICE FLATS,LLLDANA,COLOMBO 10,MARASSANA,6676676667,Central,676A I B WICKRAMASINGHE,LLL POLICE FLATS,LLLDANA,PUTTALAM,MARASSANA,6676676666,English,300705,94,NURSE,BANK OF CEYLON,1995203,60,FGIAS IKANNA,A,P,Y,L67
MRS,F,MMMJAYARANI B,LMJAYARANI B,3224V43224432243224V,3224V3224V32,50096,7787,M,Mr. LMJAYARANI B,LM78777877,LMM7787787,LMJAYARANI B-322,77873224V43224,6/21/2014,779094776,87787787,726257096,MMM787@SCICOM.COM.MY,MMMM F JAYARANI,LM78CHIM ESTATE,MMMI,HIDELLANA,RATNAPURA,7787787778,Eastern,787JAYARANI,MMMCHIM ESTATE,MMMI,COLOMBO 10,RATNAPURA,7787787777,English,240317,94,HOSPITAL STAFF,GEN.HOSPITAL,1985290,31,GHSANNAHE MC,A,P,N,M78
MR,M,NNNANAYAKE NS,MNANAYAKE NS,,,50097,8898,M,Mrs. MNANAYAKE NS,MN89888988,MNN8898898,MNANAYAKE NS-,8898,7/8/2014,779094777,98898898,726257097,NNN898@SCICOM.COM.MY,NNNM M ISSANAYAKE,MN89  DAHAM MAWATHA,NNNANGAMA NORTH,MALABE,RATNAPURA,8898898889,Northern,898ISSANAYAKE,NNN  DAHAM MAWATHA,NNNANGAMA NORTH,HIDELLANA,RATNAPURA,8898898888,English,230512,94,NURSE,KANDY,1987266,763,HI E MC NLAP,A,P,Y,N89
     MS,F,AAAI ABESINGH,NOI ABESINGH,4934V74934749344934V,4934V4934V49,50098,9909,,Mr. NOI ABESINGH,NO90999099,NOA9909909,NOI ABESINGH-493,99094934V74934,7/25/2014,779094778,9909909,726257098,AAA909@SCICOM.COM.MY,AAA F ABESINGHE,NO90RIPPUWA,AAARIYAGAMA,MALABE,RATNAPURA,9909909990,Southern,909ERANDATHI ABESINGHE,AAARIPPUWA,AAARIYAGAMA,MALABE,RATNAPURA,9909909989,English,10307,0,ATTENDENT,HOSPITAL KANDY,1981143,104,IJANLAPAN AS,A,P,N,A90
	 MS,M,PAIYAA PUKA,NOI ABESINGH,4934V74934749344934V,4934V4934V49,50199,9910,,Mr. NOI ABESINGH,NO90999099,NOA9909909,NOI ABESINGH-493,99094934V74934,7/25/2014,779094788,9909910,726257098,AAA909@SCICOM.COM.MY,AAA F ABESINGHE,NO90RIPPUWA,AAARIYAGAMA,MALABE,RATNAPURA,9909909990,Southern,909ERANDATHI PUKA,PUKA,PUKA,MALABE,OOOOOOOOOOOOOOOOOOO,9909909989,English,10307,0,ATTENDENT,HOSPITAL KANDY,1981143,104,IJANLAPAN AS,A,P,N,A90
